Position,Company,Location,URL
[신입]백엔드 개발자의 전체 세부 정보,엘리스,서울 강남구,https://www.indeed.com/rc/clk?jk=b49175f39df025f6&fccid=b00d4b329a5fe2ac&vjs=3
MBC 소프트웨어 개발 담당의 전체 세부 정보,문화방송,서울 마포구,https://www.indeed.com/rc/clk?jk=c4d46c898454a0e8&fccid=3c09ef7790507811&vjs=3
데이터분석 신입/경력 정규직의 전체 세부 정보,블록스퀘어서울,서울 서초구,https://www.indeed.com/rc/clk?jk=88960e11c2cdd682&fccid=72348558bd9456ba&vjs=3
[선릉역] 데이터분석(석박사급 Matlab Python)의 전체 세부 정보,시니어앤파트너즈,서울 강남구,https://www.indeed.com/rc/clk?jk=abe530ab20423080&fccid=59060ddcdf96b101&vjs=3
[NAVER Z] Monetization & Data Analysis (계약직)의 전체 세부 정보,네이버제트,성남 분당구,https://www.indeed.com/rc/clk?jk=c5291af09bb5d877&fccid=bc34e4450e078d19&vjs=3
INTERN / AI Research Intern(Biology)의 전체 세부 정보,카카오브레인,성남 분당구,https://www.indeed.com/rc/clk?jk=4c8d6ffc493b6509&fccid=cba3dd38afc6edb8&vjs=3
[NHN DATA] 백엔드 개발자(Python) 경력의 전체 세부 정보,엔에이치엔데이터,성남 분당구,https://www.indeed.com/rc/clk?jk=fc8f55d611506428&fccid=71f9584e40c502d2&vjs=3
[양재역] 데이터분석(석박사급 R Python Matlab)의 전체 세부 정보,시니어앤파트너즈,서울 서초구,https://www.indeed.com/rc/clk?jk=ce71e040d5a36470&fccid=59060ddcdf96b101&vjs=3
English Data Linguist for AI Startup의 전체 세부 정보,MIND AI INC,서울 중구,https://www.indeed.com/company/JNP-LAB/jobs/English-Data-Linguist-Ai-Startup-6838a87dfaacc92f?fccid=5cde252d550394d2&vjs=3
[외국계 스타트업 미소] Business Analyst Intern (정규직 전환형)의 전체 세부 정보,유한회사 미소,서울,https://www.indeed.com/rc/clk?jk=4c25d6649f8434a8&fccid=02936474a8d39137&vjs=3
[토스뱅크] CSS Modeler의 전체 세부 정보,비바리퍼블리카,서울 강남구,https://www.indeed.com/rc/clk?jk=6cfe7c712260a864&fccid=17dc934b27d58446&vjs=3
빅데이터연구부 신입/경력직의 전체 세부 정보,테라젠바이오,성남 분당구,https://www.indeed.com/rc/clk?jk=c3278f69cf2da442&fccid=b3f542232194f2f7&vjs=3
[외국계상장사]데이터분석가(Data Analyst)의 전체 세부 정보,인코리아 프로페셔널,서울 강남구,https://www.indeed.com/rc/clk?jk=7ad982fec3792221&fccid=842365965c1f45a0&vjs=3
Associate Consultant Intern의 전체 세부 정보,Mastercard,서울,https://www.indeed.com/rc/clk?jk=acf53a07a0c4d06f&fccid=10b5c722d846df43&vjs=3
백엔드 개발자(Python)의 전체 세부 정보,NHN DATA,성남 판교역,https://www.indeed.com/rc/clk?jk=e764b919165b8d3e&fccid=cc378bd7bc831eca&vjs=3
[데브시스터즈] DevOps Engineer (신입)의 전체 세부 정보,데브시스터즈,서울 강남구,https://www.indeed.com/rc/clk?jk=3058f7280a2e6644&fccid=58a9a803698a0afd&vjs=3
데이터 엔지니어 영입의 전체 세부 정보,카카오페이증권,성남 분당구,https://www.indeed.com/rc/clk?jk=84a74d37ca85cda7&fccid=8774314ead916c49&vjs=3
2023 Software Engineering Intern의 전체 세부 정보,Google,서울,https://www.indeed.com/rc/clk?jk=495da9eebc1b719f&fccid=a5b4499d9e91a5c6&vjs=3
[포티투마루] 인공지능(AI) 개발자 전 부문의 전체 세부 정보,포티투마루,서울 서초구,https://www.indeed.com/rc/clk?jk=22ffe020e40de675&fccid=b6cebf2e7d619f07&vjs=3
주니어 디벨로퍼(Junior Developer) (경력 무관)의 전체 세부 정보,트레져러,서울 강남구,https://www.indeed.com/rc/clk?jk=d92eeff78838e652&fccid=e7b19a98be207a44&vjs=3
데이터플랫폼팀 데이터분석가(Data Analyst)의 전체 세부 정보,컬리,서울 강남구,https://www.indeed.com/rc/clk?jk=c2d07f35f70c865a&fccid=84f556ede0522ba3&vjs=3
가상자산 트레이딩 / 시스템 개발자의 전체 세부 정보,블록투리얼,서울 강남구,https://www.indeed.com/rc/clk?jk=c04680232735292a&fccid=a0245242cd542697&vjs=3
Data Scientist의 전체 세부 정보,Toss,서울,https://www.indeed.com/rc/clk?jk=9cb8324539546a71&fccid=18c4935c8ec646d5&vjs=3
웹개발  백엔드 외 신입/경력 정규직의 전체 세부 정보,코인챗,서울 강남구,https://www.indeed.com/rc/clk?jk=e3f3b7e2103d9bc7&fccid=e60f835b4d91f8e6&vjs=3
[HYBE] 데이터분석 (Data Engineer)의 전체 세부 정보,하이브,서울 용산구,https://www.indeed.com/rc/clk?jk=cfd5fd0054a716c1&fccid=55c46c15186153ee&vjs=3
[외국계 스타트업 미소] Data Analyst의 전체 세부 정보,유한회사 미소,서울,https://www.indeed.com/rc/clk?jk=ec5c7ccd76639120&fccid=02936474a8d39137&vjs=3
[Data Analytics팀] DA분석컨설팅 직무의 전체 세부 정보,롯데정보통신,서울,https://www.indeed.com/rc/clk?jk=02b304efa2942c61&fccid=ae6a0ecfe23adfb7&vjs=3
[그린랩스파이낸셜] DBA (Database Administration)의 전체 세부 정보,그린랩스,서울 송파구,https://www.indeed.com/rc/clk?jk=564e0ddaeee0144f&fccid=feeacbc1377594e2&vjs=3
Infra Engineering의 전체 세부 정보,기아,서울 서초구,https://www.indeed.com/rc/clk?jk=361d42ddd7495b1d&fccid=4407ef3f1668028b&vjs=3
그룹공동 마이데이터 분석 플랫폼(데이터분석가)의 전체 세부 정보,KB데이타시스템,서울 마포구,https://www.indeed.com/rc/clk?jk=25b3c3e6a66bd77c&fccid=fe227fbd2afb9580&vjs=3
SW개발 전문연구요원 편입(병역특례)의 전체 세부 정보,라이트비전,서울 성동구,https://www.indeed.com/rc/clk?jk=c80f6c21e2720f82&fccid=e391d8e930358bac&vjs=3
백엔드 개발자(인턴십)의 전체 세부 정보,액스,서울 서초구,https://www.indeed.com/rc/clk?jk=b7223c792bfcbcd4&fccid=5013eca338141e7d&vjs=3
[데브시스터즈] Data Analyst (Junior)의 전체 세부 정보,데브시스터즈,서울 강남구,https://www.indeed.com/rc/clk?jk=9a5aa103c01ffb73&fccid=58a9a803698a0afd&vjs=3
위시켓과 함께할 서버개발자님의 전체 세부 정보,위시켓,서울 강남구,https://www.indeed.com/rc/clk?jk=a3a65a4d59061430&fccid=533c91503ff32d48&vjs=3
자율 주행  로봇 SW 개발자의 전체 세부 정보,에바,성남 수정구,https://www.indeed.com/rc/clk?jk=e30fe92d72ceb17c&fccid=5cc87f5890bd7170&vjs=3
[ICT] Data Scientist - 자연어처리[매니저]의 전체 세부 정보,현대자동차그룹,대한민국,https://www.indeed.com/rc/clk?jk=cf99a4662ad1c936&fccid=980d6ecc399a3373&vjs=3
딥러닝 신입/경력 정규직의 전체 세부 정보,어밸브,서울 서초구,https://www.indeed.com/rc/clk?jk=071c8d5b9ced8e9d&fccid=90e59c5d7146f2da&vjs=3
[전문연구요원] 의료영상 리서치 엔지니어 정규직의 전체 세부 정보,메디픽셀,서울 마포구,https://www.indeed.com/rc/clk?jk=3544467a7b64376f&fccid=aba88c202493b8a5&vjs=3
JR0192526 SW engineer intern의 전체 세부 정보,인텔코리아,서울,https://www.indeed.com/rc/clk?jk=83f4939522ffaa68&fccid=ded06d6a6799d929&vjs=3
파이썬 개발자 초중급 이상의 전체 세부 정보,데이터앤솔루션,서울 서초구,https://www.indeed.com/rc/clk?jk=d158e683dc0b7500&fccid=02f32b94107c54e3&vjs=3
[인공지능기업] 병역특례 산업기능요원 (SW개발자)의 전체 세부 정보,딥브레인에이아이,서울,https://www.indeed.com/rc/clk?jk=d3a6ba916d772b85&fccid=302172cb32d33ddc&vjs=3
Frontend (경력 및 신입 / 전문연구요원 가능)의 전체 세부 정보,이마고웍스,서울 강남구,https://www.indeed.com/rc/clk?jk=3dec2e71747040da&fccid=1c5712d7c48c7685&vjs=3
Data Engineer (Analytics)의 전체 세부 정보,비바리퍼블리카,서울 강남구,https://www.indeed.com/rc/clk?jk=fe2492dd5c3903a5&fccid=17dc934b27d58446&vjs=3
데이터마이닝  인공지능(AI) 외 경력의 전체 세부 정보,루벤티스,서울 강남구,https://www.indeed.com/rc/clk?jk=da437cb9cae31254&fccid=0513ee429c38f237&vjs=3
Data Engineering의 전체 세부 정보,기아,서울 서초구,https://www.indeed.com/rc/clk?jk=3dd64cf3cd49bd12&fccid=4407ef3f1668028b&vjs=3
[TaaS] Data Scientist[연구원  책임연구원]의 전체 세부 정보,현대자동차그룹,서울 강남구,https://www.indeed.com/rc/clk?jk=67b03ffab1c536ba&fccid=980d6ecc399a3373&vjs=3
LDI/리서치본부 채권리서치팀 인턴의 전체 세부 정보,엔에이치아문디자산운용,서울 영등포구,https://www.indeed.com/rc/clk?jk=2a824ab9cd204590&fccid=e39e5030f94e4712&vjs=3
[선릉역] 데이터 신호처리(석박사급 MatLab Python)의 전체 세부 정보,시니어앤파트너즈,서울 강남구,https://www.indeed.com/rc/clk?jk=7c751b226ddb504c&fccid=59060ddcdf96b101&vjs=3
[포티투마루] 인공지능(AI) 챗봇사업부 전 직군의 전체 세부 정보,포티투마루,서울 서초구,https://www.indeed.com/rc/clk?jk=a92b737cbbdf425f&fccid=b6cebf2e7d619f07&vjs=3
딥러닝 AI 개발 연구원의 전체 세부 정보,베이리스,성남 수정구,https://www.indeed.com/rc/clk?jk=87309d3ff40ead61&fccid=ce871e9e4a9f430a&vjs=3
Data Scientist - 전기차 데이터 분석 모델 개발의 전체 세부 정보,기아,서울 서초구,https://www.indeed.com/rc/clk?jk=9906b232fe956c33&fccid=4407ef3f1668028b&vjs=3
[글로벌디지털마케팅] Python Backend Engineer 정규직의 전체 세부 정보,콘센트릭스서비스코리아,서울 용산구,https://www.indeed.com/rc/clk?jk=67def202b8c35365&fccid=7789b87d5d996c4a&vjs=3
[선릉역] 서버개발 백엔드(앱 웹 AWS Python)의 전체 세부 정보,시니어앤파트너즈,서울 강남구,https://www.indeed.com/rc/clk?jk=6b3af889d8cf4d89&fccid=59060ddcdf96b101&vjs=3
상시 인재 (IT 지원)의 전체 세부 정보,환인제약,서울 송파구,https://www.indeed.com/rc/clk?jk=22cc8ed09bf47f1f&fccid=fb43834fbb50ff52&vjs=3
고객/차량 데이터 서비스 기획 (Data Service Planner)의 전체 세부 정보,기아,서울 서초구,https://www.indeed.com/rc/clk?jk=237c6ab79d69e6fc&fccid=4407ef3f1668028b&vjs=3
C·C++  인공지능(AI) 외 신입의 전체 세부 정보,엑스큐브,서울 서초구,https://www.indeed.com/rc/clk?jk=fa8f8ddbddfc3686&fccid=ed44e6d23382a677&vjs=3
[잔디소프트] 개발툴 프로그래머 신입/경력 정규직의 전체 세부 정보,잔디소프트,서울 영등포구,https://www.indeed.com/rc/clk?jk=36371d8269d02021&fccid=370651ffb8b8be7b&vjs=3
Wi-Fi 소프트웨어 엔지니어 (신입/경력)의 전체 세부 정보,인피니언코리아,성남 분당구,https://www.indeed.com/rc/clk?jk=acf2807bdb4705cb&fccid=50debe8434cd12fc&vjs=3
2023년 한화시스템 석/박사 신입 및 경력 채용 (SW분야)의 전체 세부 정보,한화그룹,서울,https://www.indeed.com/rc/clk?jk=540ce8adcf30a84b&fccid=bd0dc1817223394f&vjs=3
데이터 분석 직무 대졸 신입 수시채용의 전체 세부 정보,KCC,서울 서초동,https://www.indeed.com/rc/clk?jk=5b90be24e37e6ac9&fccid=747e0f317dd3b3b0&vjs=3
서버 개발자 - 기반기술의 전체 세부 정보,한국카카오은행,성남 분당구,https://www.indeed.com/rc/clk?jk=4ab83dc77ac29a56&fccid=aea6a13a3459fdb2&vjs=3
Software Engineer  Server Platform (Foundations)의 전체 세부 정보,센드버드코리아,서울,https://www.indeed.com/rc/clk?jk=ef5ea69976e4ae6b&fccid=9e391845b281ff0f&vjs=3
[코리아교육그룹]Python / JAVA / C언어/ C# / C++ 강사 중의 전체 세부 정보,에스씨에이아카데미혜화,서울,https://www.indeed.com/rc/clk?jk=f4aa3759d608d254&fccid=4aba802670ed5334&vjs=3
데이터 사이언티스트의 전체 세부 정보,카카오모빌리티,성남 분당구,https://www.indeed.com/rc/clk?jk=c3d2e48f263ed74c&fccid=48cc3743ba47cc6e&vjs=3
[사업개발그룹] 넥슨 현대카드 데이터분석 PM의 전체 세부 정보,Nexon,경기도 성남,https://www.indeed.com/rc/clk?jk=4e32eb4c5bf55af0&fccid=aba87288e4cc3687&vjs=3
AI R&D (Research and Development) Engineer (전문연구요원 가능)의 전체 세부 정보,이마고웍스,서울 강남구,https://www.indeed.com/rc/clk?jk=56d3950c0672dfe1&fccid=1c5712d7c48c7685&vjs=3
Junior Data Scientist의 전체 세부 정보,Logistics Management Institute,서울,https://www.indeed.com/rc/clk?jk=ffcab40699b79c6b&fccid=12626f295bf6a003&vjs=3
윈도우개발 경력직(3년이상) / 의료인공지능 솔루션업체의 전체 세부 정보,유어사이드,서울 서초구,https://www.indeed.com/rc/clk?jk=a986ab036f196669&fccid=7fbfdab84162f4af&vjs=3
[외국계 스타트업 미소] Business Analyst의 전체 세부 정보,유한회사 미소,서울,https://www.indeed.com/rc/clk?jk=51df90967b46e8f0&fccid=02936474a8d39137&vjs=3
Software Engineer - Python and K8s의 전체 세부 정보,Canonical - Jobs,서울,https://www.indeed.com/rc/clk?jk=9e154b5b00d09b31&fccid=3911cf63fc0692f4&vjs=3
[잔디소프트] 게임 기획 신입/경력 정규직의 전체 세부 정보,잔디소프트,서울 영등포구,https://www.indeed.com/rc/clk?jk=ae0404f85ccc2ddb&fccid=370651ffb8b8be7b&vjs=3
Machine Learning Engineer Intern - Korea의 전체 세부 정보,MOLOCO,서울,https://www.indeed.com/rc/clk?jk=69d3cc2cca262747&fccid=27317bcae2b26fe5&vjs=3
[보안 컨설팅] 수준높은 취약점 진단  모의해킹 컨설턴트 신입/경력 정규직  병특의 전체 세부 정보,인더포레스트,서울 강남구,https://www.indeed.com/rc/clk?jk=99d4c13cfc94b4ce&fccid=ce9fe2ef8b14b631&vjs=3
기술 인턴 인공지능 응용 연구/개발 인턴의 전체 세부 정보,써로마인드로보틱스,서울 관악구,https://www.indeed.com/rc/clk?jk=71c47ac87bb4087e&fccid=230e414668234579&vjs=3
[토스증권] Search Engineer (Engineering)의 전체 세부 정보,비바리퍼블리카,서울 강남구,https://www.indeed.com/rc/clk?jk=9a11d74d97a22360&fccid=17dc934b27d58446&vjs=3
Senior Open Source Developer & DevOps (Python, Django, React, AWS/OpenStack),OpenCraft,Anywhere in the World,https://weworkremotely.com/remote-jobs/opencraft-senior-open-source-developer-devops-python-django-react-aws-openstack
Senior Python Engineer: Long-term job - 100% remote,Proxify AB,Anywhere in the World,https://weworkremotely.com/remote-jobs/proxify-ab-senior-python-engineer-long-term-job-100-remote
Python Developer,lemon.io,Latin America Only/Europe Only/Canada Only,https://weworkremotely.com/remote-jobs/lemon-io-python-developer-3
(Senior) Python Full Stack Software Developer,Optimile,Europe Only,https://weworkremotely.com/remote-jobs/optimile-senior-python-full-stack-software-developer
Senior Full-stack Engineer with Python,NannyML,Anywhere in the World,https://weworkremotely.com/remote-jobs/nannyml-senior-full-stack-engineer-with-python
Python Engineer (Web Scraping),Shake,Anywhere in the World,https://weworkremotely.com/remote-jobs/shake-python-engineer-web-scraping
Senior Software Engineer, Python,AssemblyAI (YC 17),Anywhere in the World,https://weworkremotely.com/remote-jobs/assemblyai-yc-17-senior-software-engineer-python
Python Platform Engineer,Doximity,Americas Only,https://weworkremotely.com/remote-jobs/doximity-python-platform-engineer
Développeur(e) de Python & Golang | Python & Golang Developer (Kubernetes),VEXXHOST, Inc.,Anywhere in the World,https://weworkremotely.com/remote-jobs/vexxhost-inc-developpeur-e-de-python-golang-python-golang-developer-kubernetes
Software Engineer in Test – Python – Cyprus, Greece or Remote ,XM,Anywhere in the World,https://weworkremotely.com/remote-jobs/xm-software-engineer-in-test-python-cyprus-greece-or-remote-1
